7/7/2024,CANON
7/8/2024,SHAPE
7/9/2024,BLARE
7/10/2024,GAUNT
7/11/2024,CAMEO
7/12/2024,JIFFY
7/13/2024,ENACT
7/14/2024,VIDEO
7/15/2024,SWOON
7/16/2024,DECOY
7/17/2024,QUITE
7/18/2024,NERDY
7/19/2024,REFER
7/20/2024,SHAFT
7/21/2024,SPECK
7/22/2024,CADET
7/23/2024,PRONG
7/24/2024,FORTE
7/25/2024,PORCH
7/26/2024,AWASH
7/27/2024,JUICE
7/28/2024,SMOCK
7/29/2024,SUPER
7/30/2024,FERAL
7/31/2024,PENNE
8/1/2024,CHALK
8/2/2024,FLAKE
8/3/2024,SCALE
8/4/2024,LOWER
8/5/2024,ENSUE
8/6/2024,ANVIL
8/7/2024,MACAW
8/8/2024,SAUCY
8/9/2024,OUNCE
8/10/2024,MEDIC
8/11/2024,SCONE
8/12/2024,SKIFF
8/13/2024,NEIGH
8/14/2024,SHORE
8/15/2024,ACORN
8/16/2024,BRACE
8/17/2024,STORM
8/18/2024,LANKY
8/19/2024,METER
8/20/2024,DELAY
8/21/2024,MULCH
8/22/2024,BRUTE
8/23/2024,LEECH
8/24/2024,FILET
8/25/2024,SKATE
8/26/2024,STAKE
8/27/2024,CROWN
8/28/2024,LITHE
8/29/2024,FLUNK
8/30/2024,KNAVE
8/31/2024,SPOUT
9/1/2024,MUSHY
9/2/2024,CAMEL
9/3/2024,FAINT
9/4/2024,STERN
9/5/2024,WIDEN
9/6/2024,RERUN
9/7/2024,OWNER
9/8/2024,DRAWN
9/9/2024,DEBIT
9/10/2024,REBEL
9/11/2024,AISLE
9/12/2024,BRASS
9/13/2024,HARSH
9/14/2024,BROAD
9/15/2024,RECUR
9/16/2024,HONEY
9/17/2024,BEAUT
9/18/2024,FULLY
9/19/2024,PRESS
9/20/2024,SMOKE
9/21/2024,SEVEN
9/22/2024,TEACH
9/23/2024,STEAM
9/24/2024,HANDY
9/25/2024,TORCH
9/26/2024,THANK
9/27/2024,FAITH
9/28/2024,BRAIN
9/29/2024,RIDER
9/30/2024,CLOUD
10/1/2024,MODEM
10/2/2024,SHELL
10/3/2024,WAGON
10/4/2024,TITLE
10/5/2024,MINER
10/6/2024,LAGER
10/7/2024,FLOUR
10/8/2024,JOINT
10/9/2024,MOMMY
